	Config	Mean time	Mean mem	Mean SMAPE	Mean RMSE	Mean logcosh	Mean gradient calls	Mean iterations
0	('1', 1, Default(no) optimization, Squared error calculator)	2.027114	0.0B	0.4289689388581913	1.608321880927662	0.7790539318385021	10000.0	10000.0
1	('10', 1, Default(no) optimization, Squared error calculator)	0.062903	0.0B	0.5296299608814369	2.0732180730574314	1.1216259444719534	880.0	88.0
2	('25', 1, Default(no) optimization, Squared error calculator)	0.110381	0.0B	0.42362967636312593	1.6191426903389978	0.7869426634716802	1900.0	76.0
3	('100', 1, Default(no) optimization, Squared error calculator)	0.374005	0.0B	0.4912906827187104	1.9223346854603744	1.0096551668413756	6500.0	65.0
4	('250', 1, Default(no) optimization, Squared error calculator)	0.905453	0.0B	0.47049209679674253	1.82926097139485	0.9408322527101898	17000.0	68.0
5	('500', 1, Default(no) optimization, Squared error calculator)	1.9438	0.0B	0.47726708308723537	1.861667394070961	0.9647482547258107	33500.0	67.0
