	Config	Mean time	Mean mem	Mean SMAPE	Mean RMSE	Mean logcosh	Mean gradient calls	Mean iterations
0	('1', 1, Default(no) optimization, Squared error calculator)	0.006334	0.0B	0.4709652605513595	10.506129461102953	7.654742537833588	67.0	67.0
1	('10', 1, Default(no) optimization, Squared error calculator)	0.015245	0.0B	0.4444630363190165	10.164510750403206	7.41130045735412	910.0	91.0
2	('25', 1, Default(no) optimization, Squared error calculator)	0.037668	0.0B	0.4399643491035327	10.07805392158825	7.347234035897143	4050.0	162.0
3	('100', 1, Default(no) optimization, Squared error calculator)	0.143947	0.0B	0.43392521000510453	10.04783997271253	7.3377838979883325	19900.0	199.0
4	('250', 1, Default(no) optimization, Squared error calculator)	0.396566	0.0B	0.4368243668270017	10.058296128771184	7.339602472004959	45250.0	181.0
5	('500', 1, Default(no) optimization, Squared error calculator)	0.950891	0.0B	0.43620698496493826	10.054389384316018	7.337908829244254	93000.0	186.0
