	Config	Mean time	Mean mem	Mean SMAPE	Mean RMSE	Mean logcosh	Mean gradient calls	Mean iterations
0	('1', 1, Default(no) optimization, Squared error calculator)	1.523687	0.0B	0.41068258418338144	10.131894927150151	3.998004576319792	10000.0	10000.0
1	('10', 1, Default(no) optimization, Squared error calculator)	0.026837	0.0B	0.3499808456255293	10.107778612991618	3.334148780455221	660.0	66.0
2	('25', 1, Default(no) optimization, Squared error calculator)	0.057549	0.0B	0.36737214784734035	10.105490788045246	3.486694032336738	1575.0	63.0
3	('100', 1, Default(no) optimization, Squared error calculator)	0.206638	0.0B	0.37463634539257673	10.115712481362948	3.6141768441931723	6400.0	64.0
4	('250', 1, Default(no) optimization, Squared error calculator)	0.410076	0.0B	0.4250012185396472	10.12376712075959	4.123253722592723	13500.0	54.0
5	('500', 1, Default(no) optimization, Squared error calculator)	0.81129	0.0B	0.4207157387955862	10.120972179982457	4.073024149557602	26500.0	53.0
