	Config	Mean time	Mean mem	Mean SMAPE	Mean RMSE	Mean logcosh	Mean gradient calls	Mean iterations
0	('1', 1, Default(no) optimization, Squared error calculator)	0.0275036	819.2B	0.546142583897527	10.505213032411927	7.7384698401102865	186.35	186.35
1	('10', 1, Default(no) optimization, Squared error calculator)	0.010602799999999999	0.0B	0.5512198624071332	10.374292230870855	7.644879012960592	529.5	52.95
2	('25', 1, Default(no) optimization, Squared error calculator)	0.02045225	0.0B	0.5497820209682953	10.35771931041121	7.630158220551223	1296.25	51.85
3	('100', 1, Default(no) optimization, Squared error calculator)	0.07190985000000001	0.0B	0.5525937589551962	10.372103671046187	7.645122529725798	5000.0	50.0
4	('250', 1, Default(no) optimization, Squared error calculator)	0.17284845	0.0B	0.5509618824350812	10.359532055789057	7.6324951557072485	12500.0	50.0
5	('500', 1, Default(no) optimization, Squared error calculator)	0.351001	0.0B	0.5507425900742867	10.3576564718407	7.630666004995753	25000.0	50.0
