	Config	Mean time	Mean mem	Mean SMAPE	Mean RMSE	Mean logcosh	Mean gradient calls	Mean iterations
0	('sgd', 1, Default(no) optimization, Squared error calculator)	0.0268541	0.0B	0.5934308311441455	9.866752255546842	7.2478117436981035	162.6	162.6
1	('sgd', 1, Momentum optimization (beta=0.95), Squared error calculator)	0.007845450000000002	0.0B	0.5899517262177896	9.889977034806366	7.271758666994567	88.25	88.25
2	('sgd', 1, Nesterov optimization (beta=0.95), Squared error calculator)	0.008901300000000001	0.0B	0.5839084840421359	9.783602973665117	7.1860122787398435	85.25	85.25
3	('sgd', 1, Ada gradient optimization (eps=1e-05), Squared error calculator)	0.004999600000000001	0.0B	0.8699939771006736	11.313493893610655	8.409833522990176	50.0	50.0
4	('sgd', 1, RMS prop optimization (gamma=0.5, eps=1e-05), Squared error calculator)	1.08069895	2.87kB	0.5825742894204164	9.74702430303412	7.127201125112558	10000.0	10000.0
5	('sgd', 1, Adam optimization (beta_1=0.9, beta_2=0.999, eps=1e-05), Squared error calculator)	0.03759275	0.0B	0.5846178225128367	9.827132978094555	7.205612069966892	375.4	375.4
