	Config	Mean time	Mean mem	Mean SMAPE	Mean RMSE	Mean logcosh	Mean gradient calls	Mean iterations
0	('sgd', 1, Default(no) optimization, Squared error calculator)	0.26322819999999997	0.0B	0.2659452865330035	10.131355462954465	7.52413959035294	1727.9	1727.9
1	('sgd', 1, Momentum optimization (beta=0.95), Squared error calculator)	0.11376330000000001	0.0B	0.2811954678522706	10.376857167753501	7.7135926705221065	664.65	664.65
2	('sgd', 1, Nesterov optimization (beta=0.95), Squared error calculator)	0.10061740000000001	0.0B	0.27567953648767174	10.314317922041983	7.670790736527961	652.65	652.65
3	('sgd', 1, Ada gradient optimization (eps=1e-05), Squared error calculator)	0.0062086	0.0B	0.9709346279360961	27.475241819866277	22.860516574787543	51.6	51.6
4	('sgd', 1, RMS prop optimization (gamma=0.5, eps=1e-05), Squared error calculator)	1.7707087000000001	0.0B	0.26775981480025973	10.131397676739565	7.5330913840891895	10000.0	10000.0
5	('sgd', 1, Adam optimization (beta_1=0.9, beta_2=0.999, eps=1e-05), Squared error calculator)	0.13785584999999997	0.0B	0.2695990050304357	10.224027675732211	7.590115123699945	753.15	753.15
