	Config	Mean time	Mean mem	Mean SMAPE	Mean RMSE	Mean logcosh	Mean gradient calls	Mean iterations
0	('sgd', 1, Default(no) optimization, Squared error calculator)	0.016134799999999998	0.0B	0.4461101011745449	9.909868991812454	7.214250123015653	194.4	194.4
1	('sgd', 1, Momentum optimization (beta=0.95), Squared error calculator)	0.006729250000000001	0.0B	0.4561684460273897	10.256027423387698	7.490478020711758	86.05	86.05
2	('sgd', 1, Nesterov optimization (beta=0.95), Squared error calculator)	0.00592695	0.0B	0.45905884282800924	10.204606524031265	7.463180263570313	77.1	77.1
3	('sgd', 1, Ada gradient optimization (eps=1e-05), Squared error calculator)	0.0035467500000000004	0.0B	0.862252723970985	14.664010770276443	11.282240498216453	50.0	50.0
4	('sgd', 1, RMS prop optimization (gamma=0.5, eps=1e-05), Squared error calculator)	1.000257	0.0B	0.43869886652510115	9.88963128246983	7.182492660798358	10000.0	10000.0
5	('sgd', 1, Adam optimization (beta_1=0.9, beta_2=0.999, eps=1e-05), Squared error calculator)	0.037054500000000004	0.0B	0.4333496680725106	9.99843888709334	7.255784092321555	386.2	386.2
